x,y,z,label
6,-252,-19,quadrado
10,-252,-20,quadrado
7,-251,-18,quadrado
6,-250,-20,quadrado
4,-251,-21,quadrado
9,-254,-17,quadrado
5,-251,-10,quadrado
6,-252,-21,quadrado
9,-253,-21,quadrado
7,-252,-17,quadrado
4,-251,-15,quadrado
8,-254,-16,quadrado
8,-254,-2,quadrado
3,-249,-11,quadrado
7,-253,-23,quadrado
11,-245,-26,quadrado
-12,-231,-79,quadrado
6,-213,-67,quadrado
-12,-339,56,quadrado
3,-306,65,quadrado
9,-264,27,quadrado
12,-251,-16,quadrado
29,-254,-36,quadrado
168,-238,-46,quadrado
71,-232,-38,quadrado
141,-293,-25,quadrado
26,-223,8,quadrado
2,-252,-6,quadrado
12,-251,3,quadrado
33,-251,-7,quadrado
42,-251,-7,quadrado
39,-274,121,quadrado
-4,-255,72,quadrado
37,-255,28,quadrado
34,-225,-40,quadrado
49,-232,-92,quadrado
30,-251,-25,quadrado
15,-248,2,quadrado
-2,-276,-2,quadrado
-61,-241,-29,quadrado
19,-234,-4,quadrado
11,-283,31,quadrado
128,-258,-10,quadrado
17,-250,9,quadrado
3,-252,-11,quadrado
0,-252,-10,quadrado
5,-251,-17,quadrado
1,-251,-14,quadrado
5,-252,-10,quadrado
6,-252,-12,quadrado
7,-250,-22,quadrado
4,-252,-13,quadrado
7,-252,-18,quadrado
7,-250,-18,quadrado
7,-252,-13,quadrado
6,-252,-16,quadrado
8,-252,-16,quadrado
15,-254,-25,quadrado
15,-233,-44,quadrado
17,-276,-32,quadrado
19,-222,-42,quadrado
6,-307,-15,quadrado
1,-186,-27,quadrado
6,-309,40,quadrado
4,-257,10,quadrado
20,-249,-11,quadrado
25,-249,-36,quadrado
83,-242,-48,quadrado
65,-230,-41,quadrado
-45,-209,-38,quadrado
-5,-282,-46,quadrado
19,-265,-32,quadrado
-8,-258,-19,quadrado
8,-248,-15,quadrado
34,-248,-20,quadrado
40,-267,17,quadrado
18,-255,41,quadrado
71,-300,-27,quadrado
55,-234,-67,quadrado
45,-250,-78,quadrado
18,-250,-33,quadrado
90,-276,12,quadrado
136,-266,-8,quadrado
8,-229,-25,quadrado
44,-259,-10,quadrado
23,-250,-5,quadrado
6,-251,-35,quadrado
7,-251,-26,quadrado
5,-251,-19,quadrado
11,-253,-22,quadrado
6,-250,-24,quadrado
7,-253,-23,quadrado
7,-250,-22,quadrado
6,-252,-26,quadrado
5,-251,-23,quadrado
9,-251,-22,quadrado
4,-250,-23,quadrado
7,-250,-23,quadrado
4,-250,-21,quadrado
12,-254,-22,quadrado
6,-250,-25,quadrado
17,-238,-66,quadrado
10,-247,-32,quadrado
46,-239,-102,quadrado
23,-268,-36,quadrado
-32,-226,-4,quadrado
-4,-237,8,quadrado
20,-249,14,quadrado
-25,-257,-53,quadrado
88,-241,-40,quadrado
23,-275,-39,quadrado
-61,-265,-8,quadrado
25,-258,-24,quadrado
-2,-251,-19,quadrado
31,-248,-27,quadrado
32,-263,17,quadrado
48,-245,25,quadrado
6,-274,-8,quadrado
60,-239,-30,quadrado
48,-259,-60,quadrado
42,-239,-83,quadrado
31,-250,-40,quadrado
29,-250,-19,quadrado
-31,-261,-28,quadrado
63,-247,-13,quadrado
-109,-264,1,quadrado
113,-251,-41,quadrado
15,-250,-15,quadrado
0,-249,-21,quadrado
5,-250,-24,quadrado
6,-252,-28,quadrado
6,-248,-27,quadrado
3,-250,-30,quadrado
42,-177,-107,quadrado
18,-258,-40,quadrado
7,-275,-5,quadrado
-33,-312,70,quadrado
7,-259,25,quadrado
19,-244,-18,quadrado
34,-254,-41,quadrado
50,-230,-72,quadrado
150,-212,-13,quadrado
-38,-260,-26,quadrado
-74,-266,-22,quadrado
7,-249,-23,quadrado
26,-251,-14,quadrado
41,-247,-18,quadrado
11,-238,17,quadrado
41,-256,10,quadrado
46,-223,-101,quadrado
79,-257,-34,quadrado
53,-238,-88,quadrado
50,-242,-68,quadrado
47,-251,-22,quadrado
52,-238,-38,quadrado
-32,-266,-30,quadrado
98,-244,17,quadrado
-39,-238,-32,quadrado
22,-242,-14,quadrado
51,-251,-2,quadrado
14,-252,-9,quadrado
14,-252,-36,quadrado
15,-251,-30,quadrado
12,-252,-13,quadrado
17,-250,-24,quadrado
20,-251,-27,quadrado
16,-251,-23,quadrado
15,-251,-27,quadrado
21,-250,-26,quadrado
19,-250,-28,quadrado
20,-252,-18,quadrado
20,-251,-24,quadrado
18,-252,-20,quadrado
18,-251,-19,quadrado
16,-253,-23,quadrado
16,-251,-24,quadrado
18,-252,-25,quadrado
8,-233,-46,quadrado
8,-250,-63,quadrado
14,-207,-56,quadrado
-11,-201,-29,quadrado
5,-263,-2,quadrado
19,-232,-7,quadrado
-5,-254,16,quadrado
14,-250,-16,quadrado
22,-249,-35,quadrado
-36,-232,-35,quadrado
126,-211,-21,quadrado
-1,-236,-18,quadrado
17,-242,-19,quadrado
-42,-238,-16,quadrado
1,-249,-13,quadrado
31,-249,-4,quadrado
39,-251,-12,quadrado
21,-239,18,quadrado
29,-279,58,quadrado
24,-248,27,quadrado
58,-244,-66,quadrado
63,-226,-67,quadrado
61,-248,-53,quadrado
40,-252,-15,quadrado
27,-246,-7,quadrado
27,-261,-26,quadrado
6,-242,-33,quadrado
116,-268,28,quadrado
78,-262,-11,quadrado
103,-249,-17,quadrado
59,-249,-18,quadrado
32,-248,-12,quadrado
16,-250,-11,quadrado
14,-253,-29,quadrado
23,-250,-26,quadrado
27,-251,-15,quadrado
24,-252,-22,quadrado
24,-252,-22,quadrado
23,-252,-17,quadrado
24,-252,-25,quadrado
24,-252,-21,quadrado
21,-253,-20,quadrado
20,-250,-21,quadrado
21,-251,-16,quadrado
25,-252,-15,quadrado
22,-251,-14,quadrado
25,-251,-17,quadrado
24,-252,-11,quadrado
30,-251,-16,quadrado
27,-255,-17,quadrado
57,-202,-79,quadrado
58,-229,-61,quadrado
28,-268,14,quadrado
11,-262,41,quadrado
0,-265,48,quadrado
24,-254,36,quadrado
25,-248,-6,quadrado
84,-277,10,quadrado
64,-269,-5,quadrado
16,-245,-22,quadrado
-31,-274,-21,quadrado
10,-266,-4,quadrado
22,-250,-3,quadrado
40,-245,-1,quadrado
57,-266,48,quadrado
21,-260,30,quadrado
62,-234,40,quadrado
77,-251,-29,quadrado
89,-254,-97,quadrado
81,-234,-76,quadrado
56,-251,-29,quadrado
50,-247,5,quadrado
59,-269,9,quadrado
43,-236,-6,quadrado
52,-262,6,quadrado
149,-261,4,quadrado
41,-250,0,quadrado
32,-251,11,quadrado
27,-250,-13,quadrado
28,-252,-22,quadrado
-3,-250,-9,quadrado
46,-250,-11,quadrado
30,-253,-12,quadrado
26,-254,-16,quadrado
7,-251,-5,quadrado
15,-253,-10,quadrado
14,-253,-13,quadrado
13,-253,-6,quadrado
14,-252,-7,quadrado
19,-252,-9,quadrado
21,-253,-7,quadrado
30,-269,0,quadrado
16,-270,-17,quadrado
6,-242,-28,quadrado
25,-245,-21,quadrado
8,-247,-38,quadrado
22,-287,22,quadrado
9,-256,38,quadrado
22,-250,6,quadrado
211,-257,3,quadrado
74,-262,-31,quadrado
97,-279,-28,quadrado
-9,-295,-10,quadrado
9,-233,-12,quadrado
11,-251,1,quadrado
41,-247,-4,quadrado
57,-264,-18,quadrado
8,-283,35,quadrado
50,-257,11,quadrado
76,-265,-39,quadrado
53,-260,-68,quadrado
33,-246,7,quadrado
12,-280,12,quadrado
37,-265,-25,quadrado
-24,-241,-35,quadrado
69,-275,9,quadrado
21,-241,-4,quadrado
57,-241,13,quadrado
44,-253,12,quadrado
21,-253,-2,quadrado
11,-253,-12,quadrado
19,-254,-8,quadrado
13,-253,2,quadrado
14,-252,-1,quadrado
18,-254,-7,quadrado
109,-248,-3,quadrado
16,-252,-4,quadrado
14,-254,-8,quadrado
14,-250,-8,quadrado
17,-253,-1,quadrado
20,-253,-7,quadrado
15,-253,-10,quadrado
49,-219,-57,quadrado
-8,-254,-15,quadrado
13,-228,-46,quadrado
18,-253,-3,quadrado
-14,-246,13,quadrado
-2,-238,26,quadrado
15,-250,9,quadrado
32,-254,-18,quadrado
90,-246,-13,quadrado
105,-265,-26,quadrado
55,-264,-10,quadrado
-59,-272,0,quadrado
-29,-256,1,quadrado
10,-249,-3,quadrado
29,-264,20,quadrado
2,-241,87,quadrado
38,-288,-18,quadrado
39,-248,-30,quadrado
68,-243,-85,quadrado
24,-251,-39,quadrado
23,-253,4,quadrado
40,-251,3,quadrado
35,-253,-5,quadrado
-57,-276,0,quadrado
-20,-231,-24,quadrado
-40,-219,-10,quadrado
96,-252,2,quadrado
30,-271,16,quadrado
39,-251,20,quadrado
17,-252,11,quadrado
8,-255,-4,quadrado
10,-254,-1,quadrado
10,-255,6,quadrado
18,-255,-4,quadrado
7,-251,2,quadrado
9,-249,2,quadrado
17,-255,0,quadrado
7,-253,3,quadrado
11,-251,-1,quadrado
11,-256,5,quadrado
25,-240,-19,quadrado
19,-260,-12,quadrado
21,-228,-30,quadrado
32,-250,8,quadrado
20,-250,7,quadrado
-6,-251,45,quadrado
-10,-259,53,quadrado
18,-251,-5,quadrado
27,-252,-21,quadrado
63,-241,-16,quadrado
114,-236,-13,quadrado
-25,-276,-23,quadrado
-20,-224,-20,quadrado
-43,-277,2,quadrado
11,-251,-10,quadrado
42,-248,3,quadrado
30,-258,25,quadrado
8,-263,67,quadrado
23,-259,67,quadrado
62,-260,-25,quadrado
67,-262,-61,quadrado
39,-254,-42,quadrado
27,-250,6,quadrado
30,-264,15,quadrado
66,-253,-7,quadrado
20,-248,18,quadrado
74,-265,2,quadrado
40,-252,15,quadrado
30,-255,9,quadrado
5,-253,1,quadrado
7,-255,-11,quadrado
8,-254,-3,quadrado
9,-251,-1,quadrado
10,-253,-4,quadrado
11,-253,-5,quadrado
8,-251,-8,quadrado
7,-253,-7,quadrado
9,-253,-2,quadrado
8,-252,-2,quadrado
10,-253,-9,quadrado
8,-252,-4,quadrado
9,-254,3,quadrado
23,-253,-26,quadrado
24,-261,-20,quadrado
4,-244,-30,quadrado
8,-301,-3,quadrado
5,-286,42,quadrado
18,-335,65,quadrado
-1,-244,49,quadrado
24,-249,2,quadrado
44,-250,-44,quadrado
84,-241,-29,quadrado
90,-212,-16,quadrado
-68,-253,3,quadrado
18,-247,11,quadrado
5,-252,7,quadrado
21,-251,1,quadrado
26,-244,12,quadrado
22,-242,32,quadrado
16,-260,32,quadrado
24,-249,6,quadrado
59,-266,-49,quadrado
46,-251,-48,quadrado
31,-255,-14,quadrado
2,-259,26,quadrado
-58,-280,19,quadrado
32,-294,35,quadrado
94,-259,29,quadrado
136,-251,14,quadrado
67,-255,27,quadrado
30,-252,13,quadrado
-6,-255,1,quadrado
15,-251,-2,quadrado
22,-253,6,quadrado
14,-252,7,quadrado
22,-254,4,quadrado
15,-254,6,quadrado
19,-253,9,quadrado
18,-253,4,quadrado
24,-255,1,quadrado
18,-252,5,quadrado
22,-253,5,quadrado
19,-254,5,quadrado
21,-254,16,quadrado
30,-246,-11,quadrado
38,-257,-18,quadrado
34,-202,-70,quadrado
50,-243,-6,quadrado
7,-245,45,quadrado
-7,-241,67,quadrado
17,-249,24,quadrado
35,-255,-8,quadrado
137,-246,-27,quadrado
-16,-272,-6,quadrado
23,-256,-6,quadrado
-93,-261,6,quadrado
5,-252,9,quadrado
19,-253,4,quadrado
14,-256,34,quadrado
18,-257,53,quadrado
13,-226,61,quadrado
46,-244,-2,quadrado
53,-263,-18,quadrado
49,-255,4,quadrado
55,-251,9,quadrado
-26,-294,32,quadrado
77,-261,33,quadrado
55,-276,26,quadrado
3,-244,18,quadrado
103,-275,37,quadrado
102,-243,32,quadrado
33,-252,32,quadrado
14,-252,19,quadrado
14,-254,4,quadrado
16,-252,11,quadrado
13,-250,17,quadrado
15,-255,17,quadrado
13,-252,12,quadrado
19,-255,11,quadrado
14,-251,11,quadrado
12,-251,13,quadrado
19,-254,8,quadrado
15,-252,6,quadrado
7,-252,21,quadrado
10,-251,20,quadrado
16,-255,14,quadrado
25,-264,5,quadrado
21,-238,-6,quadrado
4,-238,-16,quadrado
-22,-240,20,quadrado
8,-286,84,quadrado
7,-258,92,quadrado
12,-248,48,quadrado
62,-259,45,quadrado
124,-221,13,quadrado
10,-244,5,quadrado
-12,-244,7,quadrado
-32,-255,25,quadrado
-24,-257,27,quadrado
15,-251,10,quadrado
27,-244,9,quadrado
-6,-234,85,quadrado
23,-261,32,quadrado
75,-244,-26,quadrado
56,-260,-38,quadrado
42,-249,-20,quadrado
32,-254,7,quadrado
56,-247,29,quadrado
14,-273,6,quadrado
67,-263,20,quadrado
77,-266,32,quadrado
75,-250,24,quadrado
87,-249,20,quadrado
29,-253,28,quadrado
10,-253,10,quadrado
14,-252,1,quadrado
21,-254,8,quadrado
14,-251,13,quadrado
11,-250,12,quadrado
21,-254,6,quadrado
13,-252,14,quadrado
11,-254,14,quadrado
20,-255,7,quadrado
13,-253,12,quadrado
12,-252,11,quadrado
29,-255,0,quadrado
22,-252,6,quadrado
12,-254,13,quadrado
25,-251,-20,quadrado
27,-235,-12,quadrado
44,-269,-51,quadrado
58,-203,-49,quadrado
1,-262,49,quadrado
15,-288,92,quadrado
18,-247,44,quadrado
45,-253,0,quadrado
53,-277,-53,quadrado
112,-200,16,quadrado
53,-229,-13,quadrado
9,-252,9,quadrado
1,-257,-11,quadrado
17,-252,-6,quadrado
19,-265,37,quadrado
17,-271,25,quadrado
34,-262,5,quadrado
52,-254,-15,quadrado
64,-253,-65,quadrado
47,-246,-62,quadrado
32,-254,-2,quadrado
32,-243,24,quadrado
-7,-230,0,quadrado
-47,-228,-7,quadrado
20,-234,3,quadrado
56,-257,2,quadrado
39,-230,9,quadrado
30,-251,12,quadrado
7,-254,-6,quadrado
4,-253,-16,quadrado
7,-251,-3,quadrado
3,-253,1,quadrado
10,-256,-3,quadrado
5,-250,0,quadrado
5,-253,-4,quadrado
12,-253,-3,quadrado
7,-254,0,quadrado
7,-254,1,quadrado
8,-253,-3,quadrado
13,-252,-2,quadrado
5,-252,0,quadrado
7,-252,-4,quadrado
5,-252,3,quadrado
5,-251,0,quadrado
1,-254,1,quadrado
18,-240,-65,quadrado
15,-267,-51,quadrado
11,-264,-10,quadrado
-8,-276,66,quadrado
-23,-245,54,quadrado
17,-253,5,quadrado
37,-253,-11,quadrado
53,-245,-16,quadrado
91,-231,-2,quadrado
32,-239,-6,quadrado
-94,-259,9,quadrado
-20,-252,7,quadrado
13,-252,2,quadrado
14,-260,35,quadrado
30,-261,32,quadrado
18,-226,26,quadrado
44,-233,-28,quadrado
52,-246,-84,quadrado
13,-256,-17,quadrado
30,-268,39,quadrado
-5,-262,9,quadrado
28,-255,16,quadrado
24,-253,-15,quadrado
52,-251,6,quadrado
22,-253,15,quadrado
5,-253,-2,quadrado
6,-254,-15,quadrado
6,-253,5,quadrado
10,-254,1,quadrado
10,-255,1,quadrado
7,-251,-2,quadrado
12,-253,-6,quadrado
10,-253,0,quadrado
16,-254,-4,quadrado
11,-251,-8,quadrado
12,-249,-10,quadrado
11,-249,-17,quadrado
8,-293,-34,quadrado
16,-265,-15,quadrado
22,-291,16,quadrado
2,-290,30,quadrado
-1,-259,45,quadrado
16,-251,9,quadrado
40,-253,-15,quadrado
12,-298,-27,quadrado
67,-306,4,quadrado
-6,-260,18,quadrado
-69,-257,4,quadrado
-3,-252,9,quadrado
27,-251,-3,quadrado
23,-257,24,quadrado
3,-265,67,quadrado
21,-247,90,quadrado
25,-259,-10,quadrado
43,-266,-58,quadrado
41,-257,-41,quadrado
24,-253,-27,quadrado
19,-249,10,quadrado
-44,-267,3,quadrado
5,-254,-8,quadrado
-28,-254,4,quadrado
67,-267,16,quadrado
49,-267,-4,quadrado
56,-252,8,quadrado
1,-252,3,quadrado
6,-256,-6,quadrado
8,-252,-10,quadrado
7,-252,1,quadrado
7,-253,2,quadrado
12,-256,-3,quadrado
15,-253,-3,quadrado
8,-252,2,quadrado
7,-251,-1,quadrado
9,-252,-4,quadrado
7,-251,2,quadrado
10,-252,-1,quadrado
6,-252,2,quadrado
19,-255,-14,quadrado
16,-227,-57,quadrado
-10,-241,-49,quadrado
19,-269,-8,quadrado
-16,-314,96,quadrado
6,-252,47,quadrado
38,-254,-12,quadrado
119,-251,-29,quadrado
7,-244,-35,quadrado
68,-286,10,quadrado
61,-290,35,quadrado
0,-253,-6,quadrado
27,-252,-20,quadrado
44,-252,-11,quadrado
23,-256,39,quadrado
49,-255,28,quadrado
74,-251,-1,quadrado
38,-239,-11,quadrado
59,-233,-67,quadrado
35,-252,-34,quadrado
24,-249,-4,quadrado
-77,-279,-3,quadrado
-8,-240,-14,quadrado
102,-278,12,quadrado
55,-264,-16,quadrado
108,-247,23,quadrado
37,-252,20,quadrado
16,-253,-6,quadrado
14,-253,-11,quadrado
17,-253,2,quadrado
22,-253,1,quadrado
21,-255,-5,quadrado
47,-250,-9,quadrado
25,-254,5,quadrado
18,-252,-2,quadrado
19,-254,-4,quadrado
20,-255,2,quadrado
19,-253,0,quadrado
23,-251,-1,quadrado
22,-251,-4,quadrado
25,-254,0,quadrado
29,-252,-1,quadrado
25,-249,15,quadrado
31,-254,6,quadrado
28,-253,-15,quadrado
4,-258,-80,quadrado
41,-322,-67,quadrado
3,-272,26,quadrado
-11,-260,99,quadrado
10,-253,53,quadrado
37,-253,-7,quadrado
42,-252,-26,quadrado
139,-225,-35,quadrado
75,-208,-2,quadrado
-55,-283,13,quadrado
6,-254,-6,quadrado
32,-252,-22,quadrado
45,-254,-4,quadrado
31,-259,38,quadrado
58,-271,24,quadrado
22,-280,2,quadrado
58,-251,-45,quadrado
45,-264,-49,quadrado
40,-250,-24,quadrado
35,-249,9,quadrado
-1,-266,-4,quadrado
88,-257,-8,quadrado
27,-288,9,quadrado
92,-258,-2,quadrado
47,-259,8,quadrado
0,-251,13,quadrado
5,-253,-13,quadrado
8,-254,-11,quadrado
8,-250,-7,quadrado
13,-252,0,quadrado
13,-255,-3,quadrado
14,-253,-3,quadrado
11,-253,-5,quadrado
11,-254,-2,quadrado
10,-250,-7,quadrado
17,-252,-4,quadrado
6,-251,0,quadrado
17,-254,-2,quadrado
15,-248,-32,quadrado
25,-231,-42,quadrado
12,-235,-24,quadrado
-1,-266,19,quadrado
15,-251,35,quadrado
9,-255,23,quadrado
19,-254,-4,quadrado
20,-249,-11,quadrado
129,-264,-13,quadrado
17,-243,-22,quadrado
-175,-272,4,quadrado
-18,-255,-6,quadrado
5,-252,-22,quadrado
22,-249,-23,quadrado
25,-241,0,quadrado
9,-288,50,quadrado
33,-249,-18,quadrado
64,-232,-111,quadrado
45,-239,-81,quadrado
24,-250,-22,quadrado
19,-250,2,quadrado
-100,-260,-13,quadrado
-28,-258,-1,quadrado
101,-238,14,quadrado
64,-254,-9,quadrado
64,-246,11,quadrado
28,-253,4,quadrado
10,-253,-8,quadrado
17,-254,-3,quadrado
20,-251,1,quadrado
15,-251,2,quadrado
10,-251,-2,quadrado
16,-255,-2,quadrado
20,-252,-5,quadrado
14,-251,-2,quadrado
20,-254,-10,quadrado
17,-251,-6,quadrado
20,-252,0,quadrado
18,-254,-2,quadrado
29,-251,-48,quadrado
22,-288,-34,quadrado
24,-249,18,quadrado
1,-242,12,quadrado
5,-269,47,quadrado
5,-255,45,quadrado
19,-251,3,quadrado
-26,-246,-33,quadrado
120,-220,-10,quadrado
-31,-252,-2,quadrado
-48,-272,-20,quadrado
-3,-249,-3,quadrado
13,-252,-5,quadrado
41,-252,-8,quadrado
29,-223,1,quadrado
33,-256,25,quadrado
35,-267,-20,quadrado
34,-267,-107,quadrado
43,-239,-45,quadrado
35,-251,-52,quadrado
25,-248,-2,quadrado
-32,-269,1,quadrado
-41,-255,-17,quadrado
49,-254,-11,quadrado
89,-231,26,quadrado
-16,-264,-15,quadrado
38,-254,1,quadrado
115,-247,4,quadrado
8,-251,-10,quadrado
10,-254,-8,quadrado
13,-254,0,quadrado
15,-254,-5,quadrado
5,-255,-11,quadrado
7,-250,-2,quadrado
21,-254,-14,quadrado
14,-253,-6,quadrado
13,-253,0,quadrado
14,-251,-5,quadrado
19,-254,-11,quadrado
12,-251,-1,quadrado
19,-253,-17,quadrado
6,-251,-12,quadrado
10,-252,-8,quadrado
27,-258,-57,quadrado
13,-263,-54,quadrado
23,-310,-24,quadrado
-26,-279,38,quadrado
-15,-270,31,quadrado
16,-247,-5,quadrado
21,-252,-27,quadrado
10,-255,-57,quadrado
96,-224,-48,quadrado
18,-277,-40,quadrado
-67,-204,-16,quadrado
-35,-273,-1,quadrado
14,-249,-15,quadrado
34,-249,-19,quadrado
28,-245,4,quadrado
35,-254,24,quadrado
44,-245,-16,quadrado
31,-239,12,quadrado
51,-249,-58,quadrado
43,-241,-65,quadrado
44,-249,-40,quadrado
47,-251,-9,quadrado
25,-247,-17,quadrado
21,-259,-14,quadrado
-75,-279,-10,quadrado
23,-264,16,quadrado
134,-255,6,quadrado
81,-249,17,quadrado
37,-253,10,quadrado
12,-252,0,quadrado
21,-254,-9,quadrado
24,-254,-5,quadrado
23,-254,1,quadrado
24,-252,-1,quadrado
26,-252,-1,quadrado
24,-252,-4,quadrado
20,-252,-1,quadrado
26,-252,-2,quadrado
19,-251,-5,quadrado
21,-253,-2,quadrado
24,-256,5,quadrado
29,-258,1,quadrado
32,-252,0,quadrado
17,-255,-13,quadrado
40,-224,-42,quadrado
5,-234,-18,quadrado
3,-271,48,quadrado
9,-255,43,quadrado
16,-252,15,quadrado
25,-252,-7,quadrado
105,-259,-8,quadrado
106,-271,-2,quadrado
90,-253,-15,quadrado
-95,-295,-13,quadrado
-51,-261,2,quadrado
17,-252,2,quadrado
45,-252,-13,quadrado
11,-264,51,quadrado
38,-240,42,quadrado
30,-250,27,quadrado
52,-242,-37,quadrado
45,-252,-60,quadrado
29,-253,-9,quadrado
-92,-245,9,quadrado
-42,-276,-7,quadrado
56,-283,22,quadrado
48,-276,17,quadrado
100,-260,13,quadrado
45,-251,4,quadrado
35,-252,16,quadrado
10,-253,6,quadrado
-2,-255,-4,quadrado
18,-253,-4,quadrado
8,-253,2,quadrado
8,-254,4,quadrado
9,-256,2,quadrado
9,-252,-2,quadrado
11,-252,-2,quadrado
7,-255,1,quadrado
12,-254,-4,quadrado
6,-252,6,quadrado
15,-253,-9,quadrado
10,-254,-2,quadrado
6,-250,2,quadrado
12,-254,-11,quadrado
18,-253,-20,quadrado
23,-258,-33,quadrado
48,-266,-29,quadrado
31,-296,-8,quadrado
-13,-213,17,quadrado
-3,-263,42,quadrado
5,-250,19,quadrado
20,-251,-20,quadrado
22,-253,-24,quadrado
-62,-244,-25,quadrado
-90,-257,-32,quadrado
-33,-253,3,quadrado
-76,-263,-14,quadrado
5,-251,-2,quadrado
32,-253,-4,quadrado
15,-250,7,quadrado
10,-263,71,quadrado
54,-239,4,quadrado
40,-245,6,quadrado
38,-252,-50,quadrado
36,-252,-33,quadrado
19,-252,7,quadrado
-70,-280,15,quadrado
15,-272,13,quadrado
8,-243,16,quadrado
45,-243,-8,quadrado
139,-262,1,quadrado
26,-253,10,quadrado
19,-252,-6,quadrado
3,-254,-13,quadrado
11,-252,-14,quadrado
6,-254,-7,quadrado
6,-252,-6,quadrado
6,-253,-14,quadrado
8,-252,-14,quadrado
5,-251,0,quadrado
10,-253,-14,quadrado
2,-252,-11,quadrado
3,-251,-7,quadrado
8,-252,-14,quadrado
3,-251,-3,quadrado
6,-252,-8,quadrado
10,-253,-19,quadrado
7,-252,-10,quadrado
10,-250,-36,quadrado
27,-251,-37,quadrado
25,-272,-39,quadrado
1,-206,-41,quadrado
-3,-258,1,quadrado
9,-247,32,quadrado
6,-253,16,quadrado
22,-252,-18,quadrado
64,-249,-46,quadrado
69,-247,-33,quadrado
-88,-259,-26,quadrado
-121,-281,-13,quadrado
-59,-265,4,quadrado
4,-251,-5,quadrado
10,-248,-1,quadrado
1,-254,57,quadrado
24,-257,35,quadrado
30,-247,12,quadrado
37,-211,-22,quadrado
43,-236,-63,quadrado
37,-250,-42,quadrado
15,-252,-6,quadrado
5,-260,7,quadrado
-7,-260,0,quadrado
-6,-239,-15,quadrado
1,-246,-7,quadrado
58,-264,1,quadrado
32,-255,-4,quadrado
4,-255,-24,quadrado
3,-252,-21,quadrado
4,-252,-9,quadrado
2,-251,-13,quadrado
5,-253,-19,quadrado
4,-251,-13,quadrado
6,-253,-7,quadrado
9,-254,-19,quadrado
4,-251,-17,quadrado
4,-252,-11,quadrado
1,-249,-9,quadrado
3,-251,-16,quadrado
12,-253,-16,quadrado
6,-252,-19,quadrado
6,-252,-14,quadrado
0,-253,-8,quadrado
6,-252,-10,quadrado
24,-221,-50,quadrado
35,-201,-108,quadrado
-25,-297,-45,quadrado
-4,-227,-6,quadrado
-25,-248,20,quadrado
-4,-271,27,quadrado
3,-250,-10,quadrado
4,-251,-40,quadrado
-76,-252,-54,quadrado
26,-214,-25,quadrado
-101,-305,-30,quadrado
5,-262,-3,quadrado
-1,-254,-9,quadrado
4,-253,-1,quadrado
29,-267,28,quadrado
8,-251,40,quadrado
5,-257,5,quadrado
45,-251,-86,quadrado
40,-244,-68,quadrado
28,-251,-32,quadrado
22,-251,0,quadrado
-32,-274,2,quadrado
76,-251,-15,quadrado
-55,-235,-21,quadrado
-7,-242,-7,quadrado
6,-263,-2,quadrado
20,-247,-3,quadrado
24,-251,-16,quadrado
-1,-251,-19,quadrado
-5,-253,-21,quadrado
-19,-253,-22,quadrado
-5,-252,-21,quadrado
-4,-251,-19,quadrado
-6,-250,-17,quadrado
-3,-254,-19,quadrado
-3,-251,-22,quadrado
-4,-252,-21,quadrado
-4,-251,-20,quadrado
2,-251,-24,quadrado
-6,-249,-19,quadrado
0,-254,-21,quadrado
1,-250,-30,quadrado
-9,-250,-14,quadrado
2,-252,-19,quadrado
-5,-250,-25,quadrado
17,-258,-57,quadrado
7,-257,-84,quadrado
8,-291,-18,quadrado
-29,-240,18,quadrado
-17,-279,55,quadrado
-8,-254,30,quadrado
6,-254,-28,quadrado
8,-252,-37,quadrado
-2,-245,-39,quadrado
118,-238,-11,quadrado
3,-261,-26,quadrado
25,-239,-16,quadrado
2,-244,-21,quadrado
-7,-251,-16,quadrado
13,-251,-20,quadrado
10,-230,-4,quadrado
-5,-256,62,quadrado
11,-260,-5,quadrado
43,-248,-15,quadrado
34,-237,-33,quadrado
38,-240,-64,quadrado
-34,-254,-34,quadrado
12,-251,-6,quadrado
23,-261,-1,quadrado
-15,-267,0,quadrado
8,-279,9,quadrado
6,-228,-15,quadrado
32,-264,-2,quadrado
34,-255,7,quadrado
13,-254,-5,quadrado
2,-255,-10,quadrado
-2,-253,-14,quadrado
6,-253,-15,quadrado
1,-250,-7,quadrado
3,-253,-6,quadrado
11,-252,-14,quadrado
7,-254,-8,quadrado
-7,-251,-8,quadrado
8,-256,-14,quadrado
5,-252,-11,quadrado
7,-253,-15,quadrado
9,-254,-13,quadrado
6,-253,-7,quadrado
9,-251,-16,quadrado
5,-252,-10,quadrado
12,-253,-12,quadrado
8,-251,-11,quadrado
8,-254,-10,quadrado
11,-257,-27,quadrado
21,-221,-33,quadrado
23,-231,-60,quadrado
-23,-247,36,quadrado
-3,-239,39,quadrado
3,-254,51,quadrado
9,-252,14,quadrado
9,-253,-11,quadrado
45,-250,2,quadrado
42,-266,-9,quadrado
21,-274,3,quadrado
24,-263,-1,quadrado
-61,-269,12,quadrado
-29,-254,-6,quadrado
13,-252,-4,quadrado
25,-247,-12,quadrado
1,-260,49,quadrado
37,-270,8,quadrado
35,-261,-71,quadrado
51,-248,-64,quadrado
39,-246,-37,quadrado
27,-254,-10,quadrado
67,-251,18,quadrado
26,-253,4,quadrado
-14,-262,-3,quadrado
-8,-250,7,quadrado
-16,-234,6,quadrado
32,-258,14,quadrado
55,-255,28,quadrado
22,-255,19,quadrado
-6,-255,9,quadrado
2,-253,1,quadrado
5,-251,1,quadrado
1,-254,9,quadrado
4,-252,6,quadrado
1,-254,-3,quadrado
3,-252,8,quadrado
5,-252,6,quadrado
11,-255,-3,quadrado
4,-252,4,quadrado
7,-255,0,quadrado
2,-252,6,quadrado
5,-251,4,quadrado
8,-253,-1,quadrado
2,-253,0,quadrado
8,-255,5,quadrado
7,-255,11,quadrado
22,-237,-33,quadrado
19,-264,-19,quadrado
29,-273,-5,quadrado
1,-266,52,quadrado
-13,-268,37,quadrado
0,-253,42,quadrado
8,-253,4,quadrado
19,-266,-35,quadrado
88,-275,-14,quadrado
26,-271,-28,quadrado
-48,-247,5,quadrado
-57,-261,2,quadrado
13,-251,-12,quadrado
25,-256,2,quadrado
19,-260,22,quadrado
20,-275,20,quadrado
-16,-254,4,quadrado
36,-254,-44,quadrado
56,-239,-57,quadrado
31,-251,-58,quadrado
-12,-250,-15,quadrado
27,-249,5,quadrado
-19,-257,3,quadrado
-30,-259,-4,quadrado
-24,-230,-10,quadrado
6,-288,22,quadrado
131,-242,-24,quadrado
69,-248,30,quadrado
26,-251,17,quadrado
12,-253,1,quadrado
17,-256,-15,quadrado
7,-250,0,quadrado
8,-252,1,quadrado
20,-254,-2,quadrado
11,-252,-1,quadrado
16,-254,-7,quadrado
16,-254,-3,quadrado
13,-253,0,quadrado
12,-255,-1,quadrado
15,-252,-3,quadrado
13,-253,-1,quadrado
12,-253,0,quadrado
44,-266,-26,quadrado
15,-291,-38,quadrado
22,-256,-3,quadrado
14,-297,36,quadrado
-4,-275,25,quadrado
12,-274,50,quadrado
9,-248,5,quadrado
25,-254,-30,quadrado
22,-246,-34,quadrado
42,-254,-43,quadrado
78,-255,-36,quadrado
-19,-243,-15,quadrado
-44,-243,-21,quadrado
-30,-260,-2,quadrado
15,-250,-28,quadrado
25,-250,-18,quadrado
17,-267,47,quadrado
24,-240,70,quadrado
63,-251,-19,quadrado
33,-228,5,quadrado
51,-233,-72,quadrado
40,-247,-63,quadrado
-7,-269,12,quadrado
-9,-249,0,quadrado
-35,-252,17,quadrado
58,-258,-11,quadrado
-6,-239,5,quadrado
79,-244,37,quadrado
27,-255,12,quadrado
-4,-254,23,quadrado
-17,-253,17,quadrado
-3,-253,16,quadrado
0,-251,18,quadrado
-1,-251,17,quadrado
0,-252,17,quadrado
2,-252,14,quadrado
3,-254,11,quadrado
1,-253,10,quadrado
2,-254,10,quadrado
1,-253,15,quadrado
0,-254,14,quadrado
3,-253,7,quadrado
3,-255,8,quadrado
3,-255,1,quadrado
23,-263,-12,quadrado
8,-265,-30,quadrado
-14,-236,6,quadrado
6,-229,8,quadrado
-2,-249,48,quadrado
0,-243,43,quadrado
12,-263,45,quadrado
55,-263,-5,quadrado
56,-256,-10,quadrado
-1,-256,-26,quadrado
-21,-261,-5,quadrado
-9,-255,4,quadrado
9,-249,6,quadrado
25,-251,-3,quadrado
28,-250,30,quadrado
28,-246,46,quadrado
29,-259,46,quadrado
38,-265,-30,quadrado
22,-232,18,quadrado
23,-246,-16,quadrado
35,-261,-36,quadrado
-13,-252,1,quadrado
-38,-253,21,quadrado
45,-258,4,quadrado
-37,-238,-3,quadrado
97,-259,12,quadrado
64,-250,-2,quadrado
50,-251,3,quadrado
120,-243,4,quadrado
11,-254,-10,quadrado
15,-253,-4,quadrado
15,-252,0,quadrado
18,-255,0,quadrado
21,-252,-4,quadrado
15,-253,-1,quadrado
20,-252,-5,quadrado
15,-253,-4,quadrado
17,-253,1,quadrado
16,-254,-4,quadrado
17,-252,-6,quadrado
17,-253,-1,quadrado
16,-253,-6,quadrado
20,-254,-7,quadrado
19,-253,-4,quadrado
27,-255,-30,quadrado
20,-252,-36,quadrado
23,-263,-20,quadrado
19,-230,-18,quadrado
-2,-251,12,quadrado
38,-253,36,quadrado
12,-269,28,quadrado
20,-250,14,quadrado
10,-260,-10,quadrado
123,-240,-21,quadrado
84,-244,-21,quadrado
-4,-284,-15,quadrado
-38,-258,-5,quadrado
-38,-266,12,quadrado
14,-251,-2,quadrado
40,-255,-3,quadrado
18,-256,44,quadrado
39,-256,36,quadrado
29,-260,9,quadrado
39,-242,-29,quadrado
52,-243,-76,quadrado
43,-243,-74,quadrado
9,-256,-4,quadrado
15,-250,3,quadrado
-4,-263,7,quadrado
61,-253,4,quadrado
-8,-244,-9,quadrado
107,-265,32,quadrado
47,-253,13,quadrado
69,-253,18,quadrado
17,-255,6,quadrado
4,-252,3,quadrado
1,-251,1,quadrado
9,-252,0,quadrado
7,-253,5,quadrado
4,-253,9,quadrado
10,-252,-2,quadrado
7,-252,8,quadrado
7,-251,6,quadrado
12,-255,-1,quadrado
6,-253,4,quadrado
5,-251,5,quadrado
13,-254,-9,quadrado
6,-253,3,quadrado
13,-237,-6,quadrado
25,-255,-20,quadrado
9,-247,-59,quadrado
8,-310,-5,quadrado
-4,-240,12,quadrado
22,-275,72,quadrado
6,-260,34,quadrado
15,-253,-12,quadrado
20,-247,-36,quadrado
3,-285,-41,quadrado
55,-253,-21,quadrado
3,-235,-14,quadrado
-80,-256,0,quadrado
-12,-251,-7,quadrado
25,-256,-6,quadrado
15,-268,27,quadrado
14,-269,96,quadrado
32,-245,-23,quadrado
26,-237,24,quadrado
28,-254,-38,quadrado
42,-245,-56,quadrado
29,-256,-19,quadrado
19,-251,11,quadrado
-5,-284,2,quadrado
-12,-240,-16,quadrado
-18,-262,8,quadrado
31,-239,24,quadrado
-35,-244,4,quadrado
76,-252,4,quadrado
10,-252,10,quadrado
0,-251,0,quadrado
0,-255,-6,quadrado
3,-250,3,quadrado
-3,-253,6,quadrado
7,-255,-4,quadrado
3,-251,4,quadrado
5,-252,4,quadrado
7,-253,-1,quadrado
9,-253,-9,quadrado
3,-251,2,quadrado
7,-253,0,quadrado
10,-255,-4,quadrado
4,-251,4,quadrado
6,-253,-8,quadrado
7,-229,-48,quadrado
21,-256,-48,quadrado
12,-216,-73,quadrado
-18,-299,-9,quadrado
3,-284,15,quadrado
-4,-253,20,quadrado
-4,-255,5,quadrado
5,-249,-15,quadrado
20,-252,-33,quadrado
66,-262,-34,quadrado
36,-239,-30,quadrado
-5,-243,2,quadrado
-66,-255,-47,quadrado
-52,-259,-7,quadrado
-7,-251,-12,quadrado
17,-248,-21,quadrado
0,-247,21,quadrado
7,-262,33,quadrado
15,-235,13,quadrado
28,-238,-52,quadrado
24,-247,-134,quadrado
32,-246,-60,quadrado
11,-254,-17,quadrado
-66,-276,-3,quadrado
45,-232,-4,quadrado
0,-274,0,quadrado
64,-247,-1,quadrado
22,-257,-8,quadrado
49,-248,24,quadrado
21,-252,8,quadrado
11,-254,-14,quadrado
7,-251,-10,quadrado
12,-253,-1,quadrado
14,-253,2,quadrado
12,-252,-1,quadrado
13,-252,-5,quadrado
15,-254,-1,quadrado
11,-252,-3,quadrado
11,-253,-3,quadrado
12,-255,0,quadrado
18,-255,-9,quadrado
12,-255,-2,quadrado
12,-253,-4,quadrado
14,-254,-10,quadrado
6,-252,-13,quadrado
40,-252,-50,quadrado
21,-287,-32,quadrado
34,-270,-11,quadrado
-1,-259,35,quadrado
30,-262,48,quadrado
15,-260,45,quadrado
25,-254,-2,quadrado
53,-246,-33,quadrado
43,-258,-19,quadrado
-6,-224,-1,quadrado
1,-235,-10,quadrado
-40,-266,13,quadrado
9,-251,3,quadrado
39,-253,0,quadrado
31,-261,35,quadrado
6,-256,69,quadrado
71,-265,24,quadrado
53,-265,-30,quadrado
38,-257,-45,quadrado
39,-241,-28,quadrado
35,-254,-14,quadrado
29,-251,6,quadrado
4,-259,27,quadrado
42,-264,14,quadrado
65,-250,17,quadrado
34,-248,20,quadrado
50,-245,22,quadrado
22,-250,21,quadrado
14,-251,12,quadrado
7,-253,3,quadrado
12,-253,3,quadrado
3,-252,13,quadrado
9,-254,3,quadrado
12,-253,3,quadrado
8,-253,14,quadrado
11,-255,8,quadrado
10,-255,4,quadrado
10,-253,6,quadrado
11,-251,7,quadrado
15,-254,5,quadrado
15,-253,1,quadrado
14,-251,7,quadrado
17,-253,-7,quadrado
10,-254,-7,quadrado
11,-252,5,quadrado
22,-261,-16,quadrado
19,-239,-37,quadrado
3,-262,-19,quadrado
38,-240,16,quadrado
5,-251,49,quadrado
-1,-255,53,quadrado
26,-253,4,quadrado
58,-264,-36,quadrado
28,-277,-12,quadrado
66,-201,5,quadrado
-75,-242,22,quadrado
-27,-254,-5,quadrado
10,-252,-1,quadrado
36,-254,3,quadrado
12,-258,60,quadrado
16,-251,-7,quadrado
30,-245,44,quadrado
55,-256,-71,quadrado
35,-240,-63,quadrado
32,-254,-8,quadrado
17,-247,17,quadrado
-19,-266,36,quadrado
-53,-240,1,quadrado
10,-258,27,quadrado
10,-240,10,quadrado
89,-248,34,quadrado
62,-251,33,quadrado
25,-251,19,quadrado
0,-252,15,quadrado
16,-254,4,quadrado
14,-253,13,quadrado
10,-252,13,quadrado
13,-253,10,quadrado
16,-254,7,quadrado
13,-253,10,quadrado
12,-250,11,quadrado
11,-254,5,quadrado
20,-253,0,quadrado
35,-243,-10,quadrado
17,-243,-17,quadrado
28,-250,-9,quadrado
8,-285,22,quadrado
20,-288,31,quadrado
12,-272,71,quadrado
6,-251,53,quadrado
19,-249,36,quadrado
39,-253,10,quadrado
42,-245,-17,quadrado
51,-261,-14,quadrado
-67,-325,-16,quadrado
12,-261,3,quadrado
-21,-258,17,quadrado
17,-251,11,quadrado
44,-251,1,quadrado
62,-264,41,quadrado
36,-259,70,quadrado
53,-256,39,quadrado
49,-259,20,quadrado
38,-214,54,quadrado
53,-258,-41,quadrado
48,-251,-24,quadrado
31,-249,16,quadrado
-1,-280,27,quadrado
2,-262,28,quadrado
40,-237,27,quadrado
56,-259,15,quadrado
133,-236,0,quadrado
65,-243,4,quadrado
71,-252,6,quadrado
49,-252,1,quadrado
28,-250,9,quadrado
48,-253,-2,quadrado
40,-251,11,quadrado
36,-250,20,quadrado
43,-253,6,quadrado
39,-253,6,quadrado
34,-251,14,quadrado
39,-253,9,quadrado
40,-253,6,quadrado
33,-251,15,quadrado
37,-254,5,quadrado
45,-262,-9,quadrado
52,-237,-21,quadrado
38,-228,-25,quadrado
25,-256,-4,quadrado
26,-255,16,quadrado
9,-253,37,quadrado
-5,-251,60,quadrado
23,-251,30,quadrado
57,-255,-2,quadrado
42,-281,-32,quadrado
81,-230,3,quadrado
-1,-268,18,quadrado
-104,-314,23,quadrado
-15,-253,15,quadrado
26,-255,-5,quadrado
43,-252,13,quadrado
27,-243,54,quadrado
28,-216,50,quadrado
35,-242,17,quadrado
50,-267,-31,quadrado
31,-255,-16,quadrado
36,-259,-27,quadrado
27,-252,0,quadrado
-17,-297,27,quadrado
41,-255,27,quadrado
-46,-262,24,quadrado
25,-246,14,quadrado
76,-243,17,quadrado
88,-254,18,quadrado
38,-253,39,quadrado
22,-252,35,quadrado
8,-253,10,quadrado
7,-255,6,quadrado
-3,-251,24,quadrado
5,-252,22,quadrado
4,-253,12,quadrado
1,-252,18,quadrado
5,-253,14,quadrado
7,-254,9,quadrado
3,-253,13,quadrado
4,-254,10,quadrado
6,-255,7,quadrado
9,-251,-4,quadrado
-2,-264,-30,quadrado
3,-241,-30,quadrado
-9,-263,28,quadrado
-2,-312,42,quadrado
1,-257,41,quadrado
1,-240,33,quadrado
-18,-256,28,quadrado
49,-259,-3,quadrado
106,-230,-31,quadrado
25,-249,-4,quadrado
0,-230,-6,quadrado
-44,-268,19,quadrado
-6,-250,14,quadrado
8,-251,4,quadrado
21,-258,27,quadrado
26,-239,79,quadrado
46,-247,31,quadrado
20,-265,4,quadrado
45,-277,-73,quadrado
50,-239,-57,quadrado
34,-253,0,quadrado
32,-249,13,quadrado
42,-254,17,quadrado
19,-261,3,quadrado
-64,-235,-2,quadrado
37,-226,1,quadrado
68,-251,0,quadrado
91,-248,6,quadrado
36,-252,18,quadrado
20,-253,1,quadrado
13,-255,-14,quadrado
18,-253,1,quadrado
21,-253,5,quadrado
23,-255,-5,quadrado
16,-254,3,quadrado
10,-251,8,quadrado
20,-255,-6,quadrado
16,-254,-1,quadrado
13,-253,2,quadrado
23,-255,-11,quadrado
14,-253,-3,quadrado
36,-252,-14,quadrado
30,-247,-41,quadrado
5,-242,-19,quadrado
14,-263,3,quadrado
11,-262,17,quadrado
0,-250,16,quadrado
0,-254,21,quadrado
24,-252,-18,quadrado
55,-255,-31,quadrado
88,-248,-16,quadrado
56,-225,-22,quadrado
16,-246,1,quadrado
-30,-265,-1,quadrado
-38,-256,5,quadrado
-8,-251,1,quadrado
19,-251,2,quadrado
3,-263,53,quadrado
18,-243,58,quadrado
11,-248,24,quadrado
11,-235,5,quadrado
40,-248,-35,quadrado
34,-255,-34,quadrado
27,-255,-11,quadrado
8,-252,19,quadrado
-23,-248,4,quadrado
-21,-239,-23,quadrado
-99,-222,7,quadrado
32,-237,-1,quadrado
57,-255,6,quadrado
14,-254,13,quadrado
9,-254,2,quadrado
0,-255,-4,quadrado
10,-254,-2,quadrado
7,-253,4,quadrado
8,-253,3,quadrado
11,-254,1,quadrado
9,-254,0,quadrado
8,-254,2,quadrado
3,-253,7,quadrado
11,-255,-2,quadrado
6,-254,3,quadrado
8,-254,3,quadrado
12,-242,-28,quadrado
22,-252,-19,quadrado
15,-253,-25,quadrado
5,-238,-24,quadrado
9,-267,3,quadrado
12,-260,27,quadrado
-20,-237,19,quadrado
15,-249,40,quadrado
73,-251,9,quadrado
25,-275,-45,quadrado
72,-251,-25,quadrado
10,-259,-5,quadrado
-36,-279,10,quadrado
-8,-250,4,quadrado
26,-256,6,quadrado
26,-253,-2,quadrado
21,-254,50,quadrado
13,-250,40,quadrado
40,-247,19,quadrado
51,-251,-36,quadrado
35,-257,-53,quadrado
27,-253,-23,quadrado
-17,-276,12,quadrado
-11,-248,34,quadrado
-19,-245,3,quadrado
-15,-223,23,quadrado
88,-238,22,quadrado
-7,-253,14,quadrado
46,-252,28,quadrado
3,-252,31,quadrado
1,-254,16,quadrado
2,-254,7,quadrado
3,-252,14,quadrado
1,-252,19,quadrado
9,-255,9,quadrado
1,-253,15,quadrado
4,-254,12,quadrado
5,-255,9,quadrado
15,-250,-2,quadrado
0,-245,11,quadrado
10,-262,0,quadrado
13,-278,0,quadrado
10,-258,3,quadrado
-6,-227,22,quadrado
-22,-252,46,quadrado
-6,-252,35,quadrado
2,-254,15,quadrado
8,-252,8,quadrado
109,-267,-6,quadrado
134,-219,-3,quadrado
19,-242,8,quadrado
-21,-256,6,quadrado
-51,-254,14,quadrado
9,-252,-2,quadrado
24,-255,1,quadrado
22,-257,19,quadrado
22,-252,48,quadrado
19,-252,29,quadrado
17,-247,31,quadrado
26,-257,-47,quadrado
52,-253,-75,quadrado
29,-253,-24,quadrado
2,-252,12,quadrado
47,-264,19,quadrado
-32,-265,7,quadrado
1,-260,9,quadrado
52,-252,1,quadrado
36,-255,-6,quadrado
55,-253,21,quadrado
2,-252,10,quadrado
1,-254,-1,quadrado
-1,-255,-5,quadrado
0,-253,4,quadrado
0,-254,1,quadrado
1,-255,-1,quadrado
3,-253,0,quadrado
-2,-254,1,quadrado
8,-255,-2,quadrado
0,-253,2,quadrado
4,-254,-2,quadrado
1,-253,-1,quadrado
1,-253,6,quadrado
19,-250,-30,quadrado
6,-263,-27,quadrado
-1,-260,-29,quadrado
5,-244,3,quadrado
-5,-304,82,quadrado
-13,-247,39,quadrado
5,-249,16,quadrado
20,-252,-13,quadrado
27,-254,-23,quadrado
74,-257,-8,quadrado
51,-260,-18,quadrado
6,-246,-2,quadrado
-98,-262,6,quadrado
-19,-250,-20,quadrado
7,-261,18,quadrado
15,-258,17,quadrado
51,-244,8,quadrado
36,-264,-64,quadrado
50,-254,-73,quadrado
38,-250,-62,quadrado
26,-251,-9,quadrado
25,-258,7,quadrado
-6,-254,-2,quadrado
9,-250,-3,quadrado
3,-221,-5,quadrado
26,-254,5,quadrado
47,-249,12,quadrado
71,-256,31,quadrado
13,-251,24,quadrado
0,-254,5,quadrado
-6,-255,0,quadrado
8,-254,11,quadrado
10,-253,11,quadrado
11,-255,5,quadrado
11,-255,6,quadrado
12,-253,6,quadrado
-1,-256,2,quadrado
8,-254,5,quadrado
10,-253,4,quadrado
13,-254,5,quadrado
11,-253,5,quadrado
13,-255,0,quadrado
23,-260,-25,quadrado
21,-259,-37,quadrado
23,-306,28,quadrado
-15,-237,27,quadrado
-11,-240,41,quadrado
9,-250,22,quadrado
49,-260,-8,quadrado
67,-251,-30,quadrado
12,-217,-30,quadrado
-58,-263,-1,quadrado
-58,-255,13,quadrado
6,-253,-7,quadrado
17,-251,-13,quadrado
18,-255,33,quadrado
17,-263,29,quadrado
16,-273,-19,quadrado
45,-218,-27,quadrado
37,-243,-50,quadrado
26,-248,-35,quadrado
33,-253,-8,quadrado
22,-250,0,quadrado
-9,-256,12,quadrado
27,-253,10,quadrado
63,-254,-8,quadrado
47,-263,7,quadrado
57,-266,12,quadrado
57,-254,18,quadrado
4,-253,8,quadrado
-1,-253,1,quadrado
2,-253,-1,quadrado
0,-252,7,quadrado
3,-253,2,quadrado
1,-253,1,quadrado
1,-254,1,quadrado
1,-254,0,quadrado
3,-254,0,quadrado
0,-253,3,quadrado
3,-253,0,quadrado
3,-254,0,quadrado
0,-253,7,quadrado
5,-254,1,quadrado
-1,-254,1,quadrado
1,-254,1,quadrado
8,-244,-29,quadrado
19,-264,-24,quadrado
26,-264,-35,quadrado
-8,-238,-20,quadrado
-2,-259,61,quadrado
-8,-243,32,quadrado
-3,-258,20,quadrado
3,-249,-1,quadrado
18,-267,-33,quadrado
67,-226,-32,quadrado
41,-257,-23,quadrado
-58,-227,-12,quadrado
-50,-266,5,quadrado
-36,-255,19,quadrado
15,-253,-1,quadrado
31,-252,-8,quadrado
12,-256,26,quadrado
14,-260,14,quadrado
4,-240,76,quadrado
33,-253,3,quadrado
39,-244,-22,quadrado
43,-259,-34,quadrado
31,-249,-37,quadrado
28,-251,5,quadrado
9,-281,23,quadrado
45,-251,15,quadrado
76,-280,33,quadrado
48,-236,19,quadrado
0,-260,14,quadrado
29,-251,6,quadrado
45,-253,9,quadrado
3,-253,16,quadrado
1,-255,0,quadrado
1,-253,0,quadrado
-2,-253,5,quadrado
3,-253,6,quadrado
2,-253,2,quadrado
5,-255,-1,quadrado
4,-252,1,quadrado
3,-255,2,quadrado
2,-254,4,quadrado
5,-254,0,quadrado
3,-253,3,quadrado
5,-254,0,quadrado
3,-253,2,quadrado
7,-255,0,quadrado
4,-253,0,quadrado
4,-255,6,quadrado
9,-252,-7,quadrado
14,-268,-27,quadrado
8,-250,-18,quadrado
-10,-253,-11,quadrado
-15,-212,0,quadrado
-7,-271,63,quadrado
5,-252,37,quadrado
10,-249,1,quadrado
31,-253,-9,quadrado
89,-254,-23,quadrado
41,-254,-19,quadrado
-60,-264,20,quadrado
-51,-257,27,quadrado
-3,-253,16,quadrado
29,-253,9,quadrado
16,-250,17,quadrado
17,-263,67,quadrado
17,-259,109,quadrado
43,-238,39,quadrado
55,-273,-35,quadrado
34,-248,-26,quadrado
34,-256,-32,quadrado
25,-252,7,quadrado
-73,-256,21,quadrado
-1,-261,8,quadrado
-18,-249,4,quadrado
-4,-256,31,quadrado
-1,-265,0,quadrado
23,-236,19,quadrado
45,-267,22,quadrado
-24,-252,21,quadrado
-17,-250,8,quadrado
-14,-253,0,quadrado
-19,-251,9,quadrado
-8,-253,11,quadrado
-13,-255,4,quadrado
-13,-252,8,quadrado
-8,-252,7,quadrado
-7,-252,-2,quadrado
-12,-252,9,quadrado
-10,-251,4,quadrado
-9,-252,3,quadrado
-11,-253,6,quadrado
-9,-250,7,quadrado
-8,-252,2,quadrado
-7,-264,5,quadrado
-8,-251,-5,quadrado
3,-242,-32,quadrado
9,-241,-39,quadrado
19,-292,3,quadrado
4,-228,21,quadrado
-20,-256,29,quadrado
-5,-257,45,quadrado
38,-260,4,quadrado
38,-229,-21,quadrado
54,-250,-23,quadrado
-16,-249,3,quadrado
-40,-263,23,quadrado
-5,-250,10,quadrado
21,-251,-2,quadrado
30,-247,8,quadrado
14,-258,16,quadrado
44,-275,7,quadrado
40,-251,-25,quadrado
32,-249,-63,quadrado
38,-254,-56,quadrado
13,-252,-8,quadrado
20,-250,15,quadrado
-4,-262,29,quadrado
91,-252,27,quadrado
93,-266,-7,quadrado
33,-267,30,quadrado
65,-255,31,quadrado
38,-251,15,quadrado
10,-251,16,quadrado
3,-253,7,quadrado
8,-254,8,quadrado
6,-252,18,quadrado
2,-255,14,quadrado
4,-269,9,quadrado
4,-250,11,quadrado
6,-253,13,quadrado
5,-254,12,quadrado
7,-254,10,quadrado
5,-243,15,quadrado
7,-257,9,quadrado
5,-254,10,quadrado
6,-252,13,quadrado
5,-250,12,quadrado
9,-255,17,quadrado
6,-252,11,quadrado
5,-250,5,quadrado
24,-254,-25,quadrado
17,-279,-17,quadrado
-10,-175,-87,quadrado
-5,-285,4,quadrado
-17,-233,14,quadrado
-12,-265,30,quadrado
4,-253,21,quadrado
13,-251,-7,quadrado
111,-245,-11,quadrado
45,-272,-33,quadrado
72,-233,-6,quadrado
-82,-262,17,quadrado
4,-253,-1,quadrado
24,-253,6,quadrado
29,-263,52,quadrado
35,-258,57,quadrado
56,-244,50,quadrado
51,-259,-5,quadrado
70,-238,-37,quadrado
43,-244,-47,quadrado
32,-251,-27,quadrado
45,-249,0,quadrado
37,-247,-1,quadrado
53,-245,-3,quadrado
13,-243,-1,quadrado
76,-250,10,quadrado
49,-250,5,quadrado
72,-254,-31,quadrado
22,-254,3,quadrado
3,-251,4,quadrado
7,-254,-16,quadrado
5,-254,-14,quadrado
9,-254,-9,quadrado
6,-253,-6,quadrado
8,-254,-11,quadrado
1,-252,-7,quadrado
2,-253,-9,quadrado
8,-253,-11,quadrado
3,-253,-5,quadrado
4,-252,-8,quadrado
9,-254,-14,quadrado
9,-255,-12,quadrado
-1,-251,1,quadrado
6,-252,-8,quadrado
7,-254,-7,quadrado
0,-252,0,quadrado
2,-252,5,quadrado
6,-254,-9,quadrado
15,-249,-40,quadrado
3,-253,-43,quadrado
-5,-259,-40,quadrado
19,-237,-5,quadrado
-6,-246,13,quadrado
-7,-253,7,quadrado
3,-257,17,quadrado
14,-252,-14,quadrado
46,-252,-41,quadrado
94,-249,-32,quadrado
-12,-265,-15,quadrado
-43,-239,2,quadrado
-23,-250,-6,quadrado
4,-251,-16,quadrado
8,-261,16,quadrado
21,-256,7,quadrado
24,-264,21,quadrado
38,-268,-22,quadrado
14,-265,-89,quadrado
34,-247,-52,quadrado
27,-254,-24,quadrado
15,-252,5,quadrado
7,-260,-5,quadrado
23,-228,-9,quadrado
-22,-270,-3,quadrado
76,-255,3,quadrado
35,-240,0,quadrado
47,-254,19,quadrado
12,-252,12,quadrado
1,-250,0,quadrado
2,-251,-10,quadrado
-3,-253,9,quadrado
1,-250,3,quadrado
5,-254,-2,quadrado
1,-253,3,quadrado
2,-251,2,quadrado
7,-252,-3,quadrado
5,-253,2,quadrado
0,-252,6,quadrado
6,-252,-9,quadrado
1,-251,4,quadrado
3,-252,6,quadrado
4,-253,-4,quadrado
-2,-252,3,quadrado
4,-254,3,quadrado
4,-253,-3,quadrado
2,-256,-1,quadrado
19,-251,-42,quadrado
22,-267,-35,quadrado
0,-293,8,quadrado
9,-269,44,quadrado
-4,-274,61,quadrado
7,-253,23,quadrado
19,-254,-14,quadrado
58,-271,-8,quadrado
41,-260,-14,quadrado
66,-223,-24,quadrado
-80,-270,-18,quadrado
-16,-276,12,quadrado
-12,-252,6,quadrado
10,-253,-4,quadrado
29,-253,-5,quadrado
2,-260,45,quadrado
7,-254,43,quadrado
38,-257,30,quadrado
86,-228,-41,quadrado
64,-255,-79,quadrado
57,-248,15,quadrado
44,-248,6,quadrado
-40,-267,-18,quadrado
-6,-237,-11,quadrado
45,-252,3,quadrado
93,-255,42,quadrado
48,-252,-6,quadrado
52,-251,16,quadrado
38,-252,4,quadrado
29,-253,-7,quadrado
30,-253,-5,quadrado
29,-253,5,quadrado
28,-252,4,quadrado
31,-253,-3,quadrado
24,-253,2,quadrado
28,-253,5,quadrado
32,-254,-1,quadrado
24,-252,2,quadrado
23,-253,1,quadrado
27,-253,-2,quadrado
22,-252,5,quadrado
29,-253,4,quadrado
25,-254,-1,quadrado
26,-255,1,quadrado
35,-240,-28,quadrado
29,-244,-57,quadrado
30,-264,-43,quadrado
-10,-271,11,quadrado
-18,-259,41,quadrado
2,-263,47,quadrado
8,-254,25,quadrado
5,-253,-10,quadrado
49,-258,-22,quadrado
51,-267,-37,quadrado
89,-260,-20,quadrado
-6,-239,3,quadrado
-28,-251,1,quadrado
4,-252,0,quadrado
21,-263,0,quadrado
12,-264,30,quadrado
12,-245,3,quadrado
54,-256,20,quadrado
31,-234,-10,quadrado
43,-249,-51,quadrado
45,-250,-55,quadrado
29,-254,-13,quadrado
23,-251,12,quadrado
12,-257,-1,quadrado
-47,-246,-9,quadrado
-8,-252,-11,quadrado
39,-286,-3,quadrado
42,-246,5,quadrado
35,-257,6,quadrado
-11,-252,16,quadrado
110,-240,6,quadrado
-1,-254,-11,quadrado
-7,-254,-1,quadrado
-13,-252,6,quadrado
-11,-252,4,quadrado
-1,-255,-14,quadrado
-9,-252,2,quadrado
-4,-252,3,quadrado
3,-253,-14,quadrado
-10,-253,-3,quadrado
-6,-253,2,quadrado
-3,-253,-7,quadrado
-3,-253,-5,quadrado
-1,-252,-2,quadrado
-2,-253,-8,quadrado
-2,-254,-14,quadrado
-7,-253,-7,quadrado
18,-241,-39,quadrado
34,-289,-40,quadrado
-2,-276,-15,quadrado
-9,-311,31,quadrado
-19,-258,55,quadrado
-31,-281,18,quadrado
46,-266,-20,quadrado
52,-273,-49,quadrado
27,-215,-21,quadrado
-112,-268,-1,quadrado
-59,-257,12,quadrado
6,-252,-10,quadrado
23,-255,-11,quadrado
27,-246,12,quadrado
30,-253,27,quadrado
39,-248,1,quadrado
42,-244,-34,quadrado
41,-256,-36,quadrado
41,-249,-49,quadrado
34,-251,-11,quadrado
39,-250,10,quadrado
17,-274,16,quadrado
10,-250,2,quadrado
17,-280,30,quadrado
50,-246,2,quadrado
53,-242,5,quadrado
20,-245,-4,quadrado
29,-255,8,quadrado
-4,-253,12,quadrado
3,-254,-4,quadrado
3,-255,-2,quadrado
-9,-253,8,quadrado
2,-254,1,quadrado
1,-253,-1,quadrado
0,-252,2,quadrado
0,-251,1,quadrado
0,-252,0,quadrado
1,-255,2,quadrado
3,-252,0,quadrado
1,-254,0,quadrado
1,-252,1,quadrado
2,-252,-1,quadrado
-4,-254,2,quadrado
2,-254,0,quadrado
9,-257,-9,quadrado
0,-247,-13,quadrado
3,-263,-11,quadrado
16,-263,-2,quadrado
0,-271,6,quadrado
13,-282,25,quadrado
-15,-246,5,quadrado
0,-252,13,quadrado
0,-255,-16,quadrado
17,-253,-20,quadrado
99,-274,-29,quadrado
60,-253,-26,quadrado
-8,-261,-9,quadrado
-58,-275,7,quadrado
-8,-251,0,quadrado
19,-265,22,quadrado
19,-267,38,quadrado
24,-277,14,quadrado
14,-258,-3,quadrado
57,-243,0,quadrado
55,-238,-84,quadrado
26,-253,-13,quadrado
27,-252,13,quadrado
-25,-291,21,quadrado
56,-253,-4,quadrado
-87,-220,2,quadrado
109,-250,-1,quadrado
4,-266,28,quadrado
112,-255,20,quadrado
21,-255,11,quadrado
-6,-253,14,quadrado
0,-252,4,quadrado
3,-253,4,quadrado
-2,-254,9,quadrado
-2,-252,9,quadrado
1,-254,6,quadrado
1,-253,7,quadrado
5,-253,1,quadrado
2,-251,2,quadrado
2,-253,7,quadrado
3,-253,6,quadrado
3,-253,3,quadrado
3,-252,6,quadrado
8,-253,-2,quadrado
14,-252,-4,quadrado
21,-245,-33,quadrado
12,-241,-43,quadrado
22,-205,-59,quadrado
-8,-258,3,quadrado
-9,-246,3,quadrado
-1,-257,22,quadrado
-2,-252,6,quadrado
2,-251,-23,quadrado
8,-252,-26,quadrado
19,-251,-37,quadrado
10,-250,-20,quadrado
63,-232,-55,quadrado
8,-254,11,quadrado
-27,-248,-3,quadrado
-47,-252,4,quadrado
13,-252,-23,quadrado
-5,-248,-1,quadrado
2,-279,-3,quadrado
36,-246,76,quadrado
60,-233,8,quadrado
45,-261,-49,quadrado
29,-249,-36,quadrado
31,-253,-24,quadrado
29,-253,2,quadrado
19,-255,2,quadrado
15,-252,2,quadrado
14,-266,12,quadrado
-6,-254,2,quadrado
-76,-256,28,quadrado
38,-245,10,quadrado
71,-261,17,quadrado
11,-254,13,quadrado
-1,-253,12,quadrado
-9,-254,4,quadrado
-4,-251,-2,quadrado
-5,-251,9,quadrado
0,-253,5,quadrado
-3,-251,2,quadrado
-1,-255,5,quadrado
-3,-252,3,quadrado
-2,-252,4,quadrado
-6,-252,5,quadrado
-2,-253,3,quadrado
1,-254,1,quadrado
-7,-254,1,quadrado
-4,-259,-31,quadrado
9,-274,-13,quadrado
14,-232,-51,quadrado
-35,-197,6,quadrado
-14,-256,40,quadrado
-4,-259,54,quadrado
8,-252,12,quadrado
20,-255,-8,quadrado
-20,-282,-30,quadrado
9,-261,-1,quadrado
54,-238,19,quadrado
-85,-258,13,quadrado
7,-247,17,quadrado
9,-251,11,quadrado
33,-253,6,quadrado
31,-261,46,quadrado
18,-245,75,quadrado
46,-250,15,quadrado
50,-259,-21,quadrado
40,-228,7,quadrado
39,-258,-41,quadrado
39,-255,-17,quadrado
25,-249,21,quadrado
-46,-271,29,quadrado
21,-250,10,quadrado
-31,-253,15,quadrado
57,-256,2,quadrado
28,-269,9,quadrado
39,-252,8,quadrado
6,-253,8,quadrado
-4,-253,2,quadrado
1,-252,0,quadrado
-1,-253,8,quadrado
0,-252,10,quadrado
-7,-255,8,quadrado
-1,-252,6,quadrado
-2,-253,8,quadrado
-3,-252,10,quadrado
-4,-251,5,quadrado
-1,-254,12,quadrado
-7,-254,12,quadrado
-1,-254,11,quadrado
-4,-252,14,quadrado
4,-254,10,quadrado
0,-248,7,quadrado
-16,-254,1,quadrado
18,-252,-31,quadrado
34,-284,-37,quadrado
2,-236,-22,quadrado
-19,-200,-1,quadrado
-18,-234,37,quadrado
-9,-256,47,quadrado
4,-250,-2,quadrado
62,-267,-21,quadrado
144,-236,-21,quadrado
31,-268,-2,quadrado
-59,-242,6,quadrado
-107,-268,11,quadrado
2,-251,2,quadrado
19,-251,9,quadrado
21,-261,48,quadrado
19,-262,41,quadrado
25,-243,32,quadrado
56,-224,-22,quadrado
34,-252,-34,quadrado
29,-256,-26,quadrado
32,-252,-6,quadrado
21,-252,3,quadrado
11,-256,15,quadrado
-74,-241,1,quadrado
49,-278,-5,quadrado
-22,-235,2,quadrado
22,-238,7,quadrado
3,-253,16,quadrado
-8,-253,11,quadrado
26,-250,3,quadrado
-13,-253,2,quadrado
-11,-254,8,quadrado
-26,-254,2,quadrado
-8,-253,5,quadrado
-11,-253,5,quadrado
-12,-251,6,quadrado
-8,-252,3,quadrado
-2,-253,4,quadrado
-8,-253,7,quadrado
-5,-253,6,quadrado
-4,-253,0,quadrado
-3,-255,3,quadrado
-7,-252,4,quadrado
-3,-255,-4,quadrado
-2,-255,-9,quadrado
-14,-222,-56,quadrado
-4,-254,-36,quadrado
-24,-228,4,quadrado
-5,-199,-15,quadrado
-13,-250,27,quadrado
6,-251,2,quadrado
49,-256,-25,quadrado
4,-258,-38,quadrado
-20,-249,-2,quadrado
11,-243,11,quadrado
-31,-255,-6,quadrado
13,-254,-5,quadrado
16,-249,27,quadrado
42,-252,27,quadrado
24,-264,24,quadrado
50,-237,11,quadrado
16,-296,-60,quadrado
43,-236,-16,quadrado
33,-254,-28,quadrado
11,-252,8,quadrado
-43,-241,8,quadrado
12,-266,-15,quadrado
22,-246,-9,quadrado
48,-273,2,quadrado
23,-255,-5,quadrado
-2,-251,-1,quadrado
-8,-253,-15,quadrado
-11,-249,-16,quadrado
-9,-253,-9,quadrado
-7,-250,-6,quadrado
-6,-251,-10,quadrado
-9,-251,-8,quadrado
-6,-252,-7,quadrado
-6,-253,-11,quadrado
-6,-253,-10,quadrado
-5,-250,-8,quadrado
-5,-253,-8,quadrado
-3,-254,-12,quadrado
-7,-251,-9,quadrado
-9,-251,-7,quadrado
-3,-254,-8,quadrado
4,-225,-62,quadrado
5,-254,-62,quadrado
9,-278,11,quadrado
5,-280,40,quadrado
-15,-230,14,quadrado
-3,-265,44,quadrado
9,-251,4,quadrado
21,-247,-17,quadrado
37,-269,-39,quadrado
-2,-246,-28,quadrado
-117,-253,15,quadrado
-40,-256,7,quadrado
8,-250,-7,quadrado
26,-253,-12,quadrado
23,-266,45,quadrado
49,-250,52,quadrado
49,-274,-30,quadrado
43,-248,-48,quadrado
43,-246,-42,quadrado
35,-253,-14,quadrado
19,-250,3,quadrado
33,-254,12,quadrado
5,-279,4,quadrado
-2,-247,11,quadrado
100,-257,5,quadrado
-3,-250,13,quadrado
23,-252,8,quadrado
0,-252,2,quadrado
5,-251,2,quadrado
8,-255,2,quadrado
14,-251,3,quadrado
19,-255,5,quadrado
-6,-252,0,quadrado
0,-252,10,quadrado
4,-253,7,quadrado
8,-255,2,quadrado
-2,-252,8,quadrado
5,-253,1,quadrado
6,-254,1,quadrado
3,-254,8,quadrado
4,-254,4,quadrado
7,-256,7,quadrado
0,-253,7,quadrado
5,-255,4,quadrado
25,-246,-34,quadrado
17,-234,-37,quadrado
-6,-245,1,quadrado
-8,-270,63,quadrado
-8,-248,43,quadrado
9,-251,15,quadrado
23,-251,-2,quadrado
25,-274,-18,quadrado
95,-234,2,quadrado
7,-291,17,quadrado
17,-255,13,quadrado
-1,-250,28,quadrado
28,-250,22,quadrado
35,-253,18,quadrado
24,-255,77,quadrado
23,-269,28,quadrado
39,-244,14,quadrado
45,-263,-33,quadrado
36,-247,-11,quadrado
34,-254,9,quadrado
44,-251,25,quadrado
33,-250,31,quadrado
5,-262,23,quadrado
-27,-263,35,quadrado
24,-275,31,quadrado
-20,-277,42,quadrado
71,-257,25,quadrado
50,-255,35,quadrado
10,-254,30,quadrado
5,-254,29,quadrado
0,-254,20,quadrado
39,-252,35,quadrado
4,-254,15,quadrado
-4,-250,24,quadrado
2,-253,21,quadrado
-3,-253,14,quadrado
1,-252,21,quadrado
0,-251,20,quadrado
1,-253,13,quadrado
0,-253,18,quadrado
0,-254,21,quadrado
3,-252,10,quadrado
1,-254,16,quadrado
-1,-251,20,quadrado
1,-257,-5,quadrado
0,-264,-21,quadrado
37,-246,-45,quadrado
6,-246,39,quadrado
-5,-229,40,quadrado
-3,-249,31,quadrado
5,-251,14,quadrado
15,-253,-7,quadrado
58,-254,-25,quadrado
106,-260,-11,quadrado
-95,-269,-27,quadrado
22,-249,-5,quadrado
-76,-250,20,quadrado
10,-251,-14,quadrado
22,-249,-2,quadrado
7,-269,74,quadrado
40,-266,31,quadrado
34,-246,6,quadrado
43,-249,-59,quadrado
42,-263,-56,quadrado
30,-254,-19,quadrado
25,-251,10,quadrado
5,-270,17,quadrado
-8,-249,-8,quadrado
-14,-257,9,quadrado
64,-262,3,quadrado
39,-262,-6,quadrado
39,-252,28,quadrado
7,-253,24,quadrado
-2,-252,9,quadrado
-1,-254,4,quadrado
5,-254,18,quadrado
0,-250,22,quadrado
4,-254,9,quadrado
5,-253,7,quadrado
2,-252,9,quadrado
4,-252,7,quadrado
4,-253,8,quadrado
10,-252,3,quadrado
8,-256,6,quadrado
3,-253,9,quadrado
8,-253,4,quadrado
13,-247,-23,quadrado
18,-227,-70,quadrado
-4,-278,-29,quadrado
9,-244,-3,quadrado
-7,-223,-15,quadrado
-1,-270,43,quadrado
4,-247,6,quadrado
17,-250,-22,quadrado
135,-236,-38,quadrado
89,-233,-42,quadrado
-56,-285,-20,quadrado
-133,-265,4,quadrado
4,-252,-26,quadrado
22,-253,-22,quadrado
20,-268,45,quadrado
39,-255,29,quadrado
6,-272,-24,quadrado
27,-245,-61,quadrado
34,-248,-67,quadrado
38,-254,-33,quadrado
25,-251,-1,quadrado
-42,-269,3,quadrado
30,-252,6,quadrado
-22,-243,20,quadrado
94,-254,-13,quadrado
56,-251,-9,quadrado
11,-252,14,quadrado
-8,-254,-4,quadrado
2,-252,-16,quadrado
3,-254,-5,quadrado
6,-252,-5,quadrado
6,-253,-2,quadrado
9,-253,-3,quadrado
7,-255,1,quadrado
5,-254,-5,quadrado
5,-253,-8,quadrado
8,-254,0,quadrado
6,-248,-2,quadrado
4,-253,-15,quadrado
5,-251,-2,quadrado
9,-252,-4,quadrado
7,-254,-9,quadrado
6,-252,-2,quadrado
6,-252,-4,quadrado
7,-253,-5,quadrado
9,-254,-5,quadrado
10,-251,-26,quadrado
4,-247,-68,quadrado
50,-241,-38,quadrado
-19,-268,7,quadrado
7,-275,22,quadrado
8,-255,37,quadrado
7,-250,4,quadrado
24,-249,-29,quadrado
63,-246,-47,quadrado
72,-243,5,quadrado
-63,-262,10,quadrado
-67,-259,-7,quadrado
2,-251,-11,quadrado
38,-252,-21,quadrado
25,-261,38,quadrado
10,-250,58,quadrado
44,-238,-16,quadrado
56,-235,-22,quadrado
52,-236,-52,quadrado
43,-251,-56,quadrado
41,-251,-4,quadrado
33,-249,12,quadrado
-46,-273,4,quadrado
28,-242,1,quadrado
25,-273,11,quadrado
178,-267,-9,quadrado
58,-256,2,quadrado
25,-255,2,quadrado
11,-252,20,quadrado
90,-252,10,quadrado
-2,-253,0,quadrado
8,-251,4,quadrado
8,-252,8,quadrado
1,-254,8,quadrado
8,-254,2,quadrado
6,-251,12,quadrado
9,-254,0,quadrado
8,-254,3,quadrado
4,-252,9,quadrado
13,-255,-3,quadrado
5,-253,6,quadrado
14,-255,4,quadrado
23,-259,-22,quadrado
15,-266,-39,quadrado
17,-231,-38,quadrado
-23,-260,11,quadrado
17,-274,37,quadrado
11,-255,41,quadrado
18,-251,4,quadrado
-5,-250,-39,quadrado
117,-257,-34,quadrado
46,-233,-9,quadrado
-46,-247,13,quadrado
-12,-256,0,quadrado
13,-251,-19,quadrado
22,-253,-15,quadrado
29,-260,23,quadrado
22,-242,50,quadrado
74,-229,51,quadrado
18,-266,-15,quadrado
39,-278,-72,quadrado
33,-250,-71,quadrado
37,-250,-4,quadrado
38,-249,5,quadrado
-47,-259,24,quadrado
-44,-244,10,quadrado
55,-257,-7,quadrado
61,-262,39,quadrado
60,-246,24,quadrado
22,-255,30,quadrado
6,-256,17,quadrado
13,-254,2,quadrado
4,-252,25,quadrado
21,-255,13,quadrado
14,-253,16,quadrado
-2,-251,26,quadrado
5,-254,16,quadrado
7,-252,18,quadrado
7,-253,24,quadrado
6,-254,16,quadrado
15,-255,13,quadrado
26,-256,-9,quadrado
19,-241,-8,quadrado
7,-299,3,quadrado
34,-232,-24,quadrado
28,-278,49,quadrado
9,-271,59,quadrado
17,-249,48,quadrado
155,-266,13,quadrado
48,-254,-3,quadrado
94,-242,-20,quadrado
29,-280,11,quadrado
-44,-282,-5,quadrado
-20,-265,-7,quadrado
11,-253,1,quadrado
36,-254,-4,quadrado
48,-255,14,quadrado
40,-260,44,quadrado
45,-246,46,quadrado
51,-280,-7,quadrado
56,-243,8,quadrado
68,-253,-45,quadrado
52,-253,-59,quadrado
32,-251,-4,quadrado
43,-249,10,quadrado
15,-250,9,quadrado
33,-283,11,quadrado
54,-267,38,quadrado
73,-250,9,quadrado
64,-246,10,quadrado
29,-254,18,quadrado
20,-253,6,quadrado
10,-252,6,quadrado
13,-255,7,quadrado
19,-252,8,quadrado
12,-252,10,quadrado
